..\..\..\..\output\data\ars_nouveau\recipes\source_berry_pie.json,
..\..\..\..\output\data\brewinandchewin\recipes\ham_and_cheese_sandwich.json,
..\..\..\..\output\data\brewinandchewin\recipes\pizza.json,
..\..\..\..\output\data\brewinandchewin\recipes\quiche_bacon.json,
..\..\..\..\output\data\brewinandchewin\recipes\quiche_mushroom.json,
..\..\..\..\output\data\butchersdelightfoods\recipes\campfirebeefribs.json,
..\..\..\..\output\data\butchersdelightfoods\recipes\campfirebeeftenderloin.json,
..\..\..\..\output\data\butchersdelightfoods\recipes\campfireham.json,
..\..\..\..\output\data\butchersdelightfoods\recipes\campfirelegcow.json,
..\..\..\..\output\data\butchersdelightfoods\recipes\campfireporkloin.json,
..\..\..\..\output\data\butchersdelightfoods\recipes\campfireporkribs.json,
..\..\..\..\output\data\butchersdelightfoods\recipes\campfiresheeprack.json,
..\..\..\..\output\data\butchersdelightfoods\recipes\campfiresheepshank.json,
..\..\..\..\output\data\butchersdelightfoods\recipes\campfire_goat_loin.json,
..\..\..\..\output\data\butchersdelightfoods\recipes\campfire_goat_rack.json,
..\..\..\..\output\data\butchersdelightfoods\recipes\campfire_goat_shank.json,
..\..\..\..\output\data\butchersdelightfoods\recipes\campfire_llama_leg.json,
..\..\..\..\output\data\butchersdelightfoods\recipes\campfire_llama_loin.json,
..\..\..\..\output\data\butchersdelightfoods\recipes\campfire_llama_ribs.json,
..\..\..\..\output\data\butchersdelightfoods\recipes\campfire_sheeploin.json,
..\..\..\..\output\data\butchersdelightfoods\recipes\cookedbeeftenderloin.json,
..\..\..\..\output\data\butchersdelightfoods\recipes\cookedcowleg.json,
..\..\..\..\output\data\butchersdelightfoods\recipes\cookedcowribs.json,
..\..\..\..\output\data\butchersdelightfoods\recipes\fdbeefribs.json,
..\..\..\..\output\data\butchersdelightfoods\recipes\fdbeeftenderloin.json,
..\..\..\..\output\data\butchersdelightfoods\recipes\fdgoatshank.json,
..\..\..\..\output\data\butchersdelightfoods\recipes\fdham.json,
..\..\..\..\output\data\butchersdelightfoods\recipes\fdlegcow.json,
..\..\..\..\output\data\butchersdelightfoods\recipes\fdporkloin.json,
..\..\..\..\output\data\butchersdelightfoods\recipes\fdporkribs.json,
..\..\..\..\output\data\butchersdelightfoods\recipes\fdsheeploin.json,
..\..\..\..\output\data\butchersdelightfoods\recipes\fdsheeprack.json,
..\..\..\..\output\data\butchersdelightfoods\recipes\fdsheepshank.json,
..\..\..\..\output\data\butchersdelightfoods\recipes\fd_goat_loin.json,
..\..\..\..\output\data\butchersdelightfoods\recipes\fd_goat_rack.json,
..\..\..\..\output\data\butchersdelightfoods\recipes\fd_llama_leg.json,
..\..\..\..\output\data\butchersdelightfoods\recipes\fd_llama_loin.json,
..\..\..\..\output\data\butchersdelightfoods\recipes\fd_llama_ribs.json,
..\..\..\..\output\data\butchersdelightfoods\recipes\rcookedham.json,
..\..\..\..\output\data\butchersdelightfoods\recipes\rcookedporkloin.json,
..\..\..\..\output\data\butchersdelightfoods\recipes\rcookedporkribs.json,
..\..\..\..\output\data\butchersdelightfoods\recipes\rcookedsheeprack.json,
..\..\..\..\output\data\butchersdelightfoods\recipes\rcooked_sheeploin.json,
..\..\..\..\output\data\butchersdelightfoods\recipes\r_cookedsheepshank.json,
..\..\..\..\output\data\butchersdelightfoods\recipes\r_cooked_goat_loin.json,
..\..\..\..\output\data\butchersdelightfoods\recipes\r_cooked_goat_rack.json,
..\..\..\..\output\data\butchersdelightfoods\recipes\r_cooked_goat_shank.json,
..\..\..\..\output\data\butchersdelightfoods\recipes\r_cooked_llama_leg.json,
..\..\..\..\output\data\butchersdelightfoods\recipes\r_cooked_llama_loin.json,
..\..\..\..\output\data\butchersdelightfoods\recipes\r_cooked_llama_ribs.json,
..\..\..\..\output\data\butchersdelightfoods\recipes\smokerbeefribs.json,
..\..\..\..\output\data\butchersdelightfoods\recipes\smokerbeeftenderloin.json,
..\..\..\..\output\data\butchersdelightfoods\recipes\smokerham.json,
..\..\..\..\output\data\butchersdelightfoods\recipes\smokerlegcow.json,
..\..\..\..\output\data\butchersdelightfoods\recipes\smokerporkloin.json,
..\..\..\..\output\data\butchersdelightfoods\recipes\smokerporkribs.json,
..\..\..\..\output\data\butchersdelightfoods\recipes\smokersheeprack.json,
..\..\..\..\output\data\butchersdelightfoods\recipes\smokersheepshank.json,
..\..\..\..\output\data\butchersdelightfoods\recipes\smoker_goat_loin.json,
..\..\..\..\output\data\butchersdelightfoods\recipes\smoker_goat_rack.json,
..\..\..\..\output\data\butchersdelightfoods\recipes\smoker_goat_shank.json,
..\..\..\..\output\data\butchersdelightfoods\recipes\smoker_llama_leg.json,
..\..\..\..\output\data\butchersdelightfoods\recipes\smoker_llama_loin.json,
..\..\..\..\output\data\butchersdelightfoods\recipes\smoker_llama_ribs.json,
..\..\..\..\output\data\butchersdelightfoods\recipes\smoker_sheeploin.json,
..\..\..\..\output\data\byg\recipes\blueberry_pie.json,
..\..\..\..\output\data\byg\recipes\blueberry_pie_from_slices.json,
..\..\..\..\output\data\byg\recipes\crimson_berry_pie.json,
..\..\..\..\output\data\byg\recipes\crimson_berry_pie_from_slices.json,
..\..\..\..\output\data\byg\recipes\green_apple_pie.json,
..\..\..\..\output\data\byg\recipes\green_apple_pie_from_slices.json,
..\..\..\..\output\data\byg\recipes\nightshade_berry_pie.json,
..\..\..\..\output\data\byg\recipes\nightshade_berry_pie_from_slices.json,
..\..\..\..\output\data\calebs_delight\recipes\burrito_recipe.json,
..\..\..\..\output\data\calebs_delight\recipes\campfire_tortilla.json,
..\..\..\..\output\data\calebs_delight\recipes\chiprecipe.json,
..\..\..\..\output\data\calebs_delight\recipes\cooked_ground_beef_camp.json,
..\..\..\..\output\data\calebs_delight\recipes\cooked_ground_beef_furnace.json,
..\..\..\..\output\data\calebs_delight\recipes\cooked_ground_beef_smoke.json,
..\..\..\..\output\data\calebs_delight\recipes\cook_tortilla.json,
..\..\..\..\output\data\calebs_delight\recipes\ground_beef_recipe.json,
..\..\..\..\output\data\calebs_delight\recipes\salsadipchiprec.json,
..\..\..\..\output\data\calebs_delight\recipes\salsa_recipe.json,
..\..\..\..\output\data\calebs_delight\recipes\smoke_tortilla.json,
..\..\..\..\output\data\calebs_delight\recipes\tacoshellsmoke.json,
..\..\..\..\output\data\calebs_delight\recipes\taco_recipe.json,
..\..\..\..\output\data\calebs_delight\recipes\taco_shell_recipe.json,
..\..\..\..\output\data\calebs_delight\recipes\tortilla_recipe.json,
..\..\..\..\output\data\collectorsreap\recipes\baked_portobello_cap.json,
..\..\..\..\output\data\collectorsreap\recipes\baked_portobello_cap_from_campfire_cooking.json,
..\..\..\..\output\data\collectorsreap\recipes\baked_portobello_cap_from_smoking.json,
..\..\..\..\output\data\collectorsreap\recipes\lime_crate.json,
..\..\..\..\output\data\collectorsreap\recipes\lime_ice_cream_block.json,
..\..\..\..\output\data\collectorsreap\recipes\lime_seeds_from_lime.json,
..\..\..\..\output\data\collectorsreap\recipes\lime_seeds_from_slice.json,
..\..\..\..\output\data\collectorsreap\recipes\pomegranate_crate.json,
..\..\..\..\output\data\collectorsreap\recipes\pomegranate_ice_cream_block.json,
..\..\..\..\output\data\collectorsreap\recipes\pomegranate_seeds_from_pomegranate.json,
..\..\..\..\output\data\collectorsreap\recipes\pomegranate_seeds_from_pomegranate_slice.json,
..\..\..\..\output\data\corn_delight\recipes\caramel_popcorn.json,
..\..\..\..\output\data\corn_delight\recipes\cornbread.json,
..\..\..\..\output\data\corn_delight\recipes\cornbread_from_campfire_cooking.json,
..\..\..\..\output\data\corn_delight\recipes\cornbread_from_smoking.json,
..\..\..\..\output\data\corn_delight\recipes\grilled_corn.json,
..\..\..\..\output\data\corn_delight\recipes\grilled_corn_from_campfire_cooking.json,
..\..\..\..\output\data\corn_delight\recipes\grilled_corn_from_smoking.json,
..\..\..\..\output\data\corn_delight\recipes\popcorn.json,
..\..\..\..\output\data\corn_delight\recipes\popcorn_box.json,
..\..\..\..\output\data\corn_delight\recipes\popcorn_from_campfire_cooking.json,
..\..\..\..\output\data\corn_delight\recipes\popcorn_from_smoking.json,
..\..\..\..\output\data\corn_delight\recipes\tortilla.json,
..\..\..\..\output\data\corn_delight\recipes\tortilla_from_campfire_cooking.json,
..\..\..\..\output\data\corn_delight\recipes\tortilla_from_smoking.json,
..\..\..\..\output\data\crabbersdelight\recipes\clam_barrel.json,
..\..\..\..\output\data\crabbersdelight\recipes\clawster_barrel.json,
..\..\..\..\output\data\crabbersdelight\recipes\crab_barrel.json,
..\..\..\..\output\data\crabbersdelight\recipes\shrimp_barrel.json,
..\..\..\..\output\data\crabbersdelight\recipes\shrimp_skewer.json,
..\..\..\..\output\data\cuisinedelight\recipes\fried_pasta.json,
..\..\..\..\output\data\cuisinedelight\recipes\fried_rice.json,
..\..\..\..\output\data\cuisinedelight\recipes\ham_fried_rice.json,
..\..\..\..\output\data\cuisinedelight\recipes\meat_fried_rice.json,
..\..\..\..\output\data\cuisinedelight\recipes\meat_pasta.json,
..\..\..\..\output\data\cuisinedelight\recipes\mixed_fried_rice.json,
..\..\..\..\output\data\cuisinedelight\recipes\mixed_pasta.json,
..\..\..\..\output\data\cuisinedelight\recipes\scrambled_egg_and_tomato.json,
..\..\..\..\output\data\cuisinedelight\recipes\seafood_fried_rice.json,
..\..\..\..\output\data\cuisinedelight\recipes\seafood_pasta.json,
..\..\..\..\output\data\cuisinedelight\recipes\vegetable_fried_rice.json,
..\..\..\..\output\data\cuisinedelight\recipes\vegetable_pasta.json,
..\..\..\..\output\data\delightful\recipes\candle_from_animal_fat.json,
..\..\..\..\output\data\delightful\recipes\cantaloupe_slice.json,
..\..\..\..\output\data\delightful\recipes\matcha_ice_cream_block.json,
..\..\..\..\output\data\delightful\recipes\melon_slice.json,
..\..\..\..\output\data\delightful\recipes\salmonberry_ice_cream_block.json,
..\..\..\..\output\data\delightful\recipes\salmonberry_pips.json,
..\..\..\..\output\data\delightful\recipes\torch_from_animal_oil_bottle.json,
..\..\..\..\output\data\eggdelight\recipes\eggs_benidict_recipe.json,
..\..\..\..\output\data\eggdelight\recipes\egg_in_a_basket.json,
..\..\..\..\output\data\eggdelight\recipes\egg_pie.json,
..\..\..\..\output\data\eggdelight\recipes\egg_pie_from_slices.json,
..\..\..\..\output\data\eggdelight\recipes\egg_pie_slice_recipe.json,
..\..\..\..\output\data\eggdelight\recipes\egg_tart_recipe.json,
..\..\..\..\output\data\eggdelight\recipes\egg_toast_recipe.json,
..\..\..\..\output\data\eggdelight\recipes\scotch_egg_recipe.json,
..\..\..\..\output\data\eggdelight\recipes\sliced_boiled_egg_recipe.json,
..\..\..\..\output\data\eggdelight\recipes\sliced_scotch_egg_recipe.json,
..\..\..\..\output\data\extradelight\recipes\apple_cheesecake_slice.json,
..\..\..\..\output\data\extradelight\recipes\apple_fritters.json,
..\..\..\..\output\data\extradelight\recipes\bacon_cheeseburger.json,
..\..\..\..\output\data\extradelight\recipes\bacon_cheeseburger_burger.json,
..\..\..\..\output\data\extradelight\recipes\bacon_cheeseburger_cheeseburger.json,
..\..\..\..\output\data\extradelight\recipes\bacon_egg_cheese_sandwich_egg.json,
..\..\..\..\output\data\extradelight\recipes\bacon_egg_cheese_sandwich_egg_bacon.json,
..\..\..\..\output\data\extradelight\recipes\bacon_egg_sandwich.json,
..\..\..\..\output\data\extradelight\recipes\bratwurst_bc.json,
..\..\..\..\output\data\extradelight\recipes\breading_misanplas.json,
..\..\..\..\output\data\extradelight\recipes\cactus_juice.json,
..\..\..\..\output\data\extradelight\recipes\cactus_soup.json,
..\..\..\..\output\data\extradelight\recipes\caramel_apple.json,
..\..\..\..\output\data\extradelight\recipes\caramel_candy.json,
..\..\..\..\output\data\extradelight\recipes\caramel_custard.json,
..\..\..\..\output\data\extradelight\recipes\caramel_golden_apple.json,
..\..\..\..\output\data\extradelight\recipes\caramel_popcorn.json,
..\..\..\..\output\data\extradelight\recipes\caramel_popsicle.json,
..\..\..\..\output\data\extradelight\recipes\carrot_soup.json,
..\..\..\..\output\data\extradelight\recipes\charcuterie_board.json,
..\..\..\..\output\data\extradelight\recipes\cheeseburger.json,
..\..\..\..\output\data\extradelight\recipes\cheeseburger_burger.json,
..\..\..\..\output\data\extradelight\recipes\cheesecake_slice.json,
..\..\..\..\output\data\extradelight\recipes\chicken_fried_steak.json,
..\..\..\..\output\data\extradelight\recipes\chicken_salad_sandwich_bread_bc.json,
..\..\..\..\output\data\extradelight\recipes\chicken_stew.json,
..\..\..\..\output\data\extradelight\recipes\chips.json,
..\..\..\..\output\data\extradelight\recipes\chocolate_cheesecake_slice.json,
..\..\..\..\output\data\extradelight\recipes\chocolate_milk.json,
..\..\..\..\output\data\extradelight\recipes\coffee_cake_from_slice.json,
..\..\..\..\output\data\extradelight\recipes\cooked_cactus.json,
..\..\..\..\output\data\extradelight\recipes\corn.json,
..\..\..\..\output\data\extradelight\recipes\corn_chowder.json,
..\..\..\..\output\data\extradelight\recipes\corn_fritters.json,
..\..\..\..\output\data\extradelight\recipes\corn_husk_to_block.json,
..\..\..\..\output\data\extradelight\recipes\corn_silk_tea.json,
..\..\..\..\output\data\extradelight\recipes\corn_silk_to_block.json,
..\..\..\..\output\data\extradelight\recipes\corn_to_block.json,
..\..\..\..\output\data\extradelight\recipes\cream_corn.json,
..\..\..\..\output\data\extradelight\recipes\croque_madame.json,
..\..\..\..\output\data\extradelight\recipes\croque_monsieur.json,
..\..\..\..\output\data\extradelight\recipes\curry.json,
..\..\..\..\output\data\extradelight\recipes\eggnog.json,
..\..\..\..\output\data\extradelight\recipes\egg_salad_sandwich.json,
..\..\..\..\output\data\extradelight\recipes\egg_salad_sandwich_slice.json,
..\..\..\..\output\data\extradelight\recipes\fish_and_chips.json,
..\..\..\..\output\data\extradelight\recipes\fish_cakes.json,
..\..\..\..\output\data\extradelight\recipes\fish_salad_sandwich.json,
..\..\..\..\output\data\extradelight\recipes\fish_soup.json,
..\..\..\..\output\data\extradelight\recipes\fish_stew.json,
..\..\..\..\output\data\extradelight\recipes\fried_brains.json,
..\..\..\..\output\data\extradelight\recipes\fried_chicken.json,
..\..\..\..\output\data\extradelight\recipes\fried_fish.json,
..\..\..\..\output\data\extradelight\recipes\fried_mushrooms.json,
..\..\..\..\output\data\extradelight\recipes\fries.json,
..\..\..\..\output\data\extradelight\recipes\furikake_rice.json,
..\..\..\..\output\data\extradelight\recipes\ginger_beer.json,
..\..\..\..\output\data\extradelight\recipes\ginger_to_block.json,
..\..\..\..\output\data\extradelight\recipes\glazed_carrot.json,
..\..\..\..\output\data\extradelight\recipes\glow_berry_cheesecake_slice.json,
..\..\..\..\output\data\extradelight\recipes\glow_berry_pie_slice.json,
..\..\..\..\output\data\extradelight\recipes\gravy_boat.json,
..\..\..\..\output\data\extradelight\recipes\hash.json,
..\..\..\..\output\data\extradelight\recipes\honey_cheesecake_slice.json,
..\..\..\..\output\data\extradelight\recipes\lugaw.json,
..\..\..\..\output\data\extradelight\recipes\macaroni_cheese.json,
..\..\..\..\output\data\extradelight\recipes\mac_cheese_hot_dog_bc.json,
..\..\..\..\output\data\extradelight\recipes\mashed_potato_gravy_feast.json,
..\..\..\..\output\data\extradelight\recipes\meat_pie_slice.json,
..\..\..\..\output\data\extradelight\recipes\milk_tart.json,
..\..\..\..\output\data\extradelight\recipes\mint_candy_blue_from_block.json,
..\..\..\..\output\data\extradelight\recipes\mint_candy_blue_to_block.json,
..\..\..\..\output\data\extradelight\recipes\mint_candy_cane_blue_to_block.json,
..\..\..\..\output\data\extradelight\recipes\mint_candy_cane_green_to_block.json,
..\..\..\..\output\data\extradelight\recipes\mint_candy_cane_red_to_block.json,
..\..\..\..\output\data\extradelight\recipes\mint_candy_green_from_block.json,
..\..\..\..\output\data\extradelight\recipes\mint_candy_green_to_block.json,
..\..\..\..\output\data\extradelight\recipes\mint_candy_red_from_block.json,
..\..\..\..\output\data\extradelight\recipes\mint_candy_red_to_block.json,
..\..\..\..\output\data\extradelight\recipes\monsieur_to_madam.json,
..\..\..\..\output\data\extradelight\recipes\mushroom_burger.json,
..\..\..\..\output\data\extradelight\recipes\mushroom_risotto.json,
..\..\..\..\output\data\extradelight\recipes\omelette_mix_cheese.json,
..\..\..\..\output\data\extradelight\recipes\omelette_mix_meat.json,
..\..\..\..\output\data\extradelight\recipes\omelette_mix_meat_cheese.json,
..\..\..\..\output\data\extradelight\recipes\omelette_mix_mix.json,
..\..\..\..\output\data\extradelight\recipes\omelette_mix_mix_cheese.json,
..\..\..\..\output\data\extradelight\recipes\omelette_mix_veg.json,
..\..\..\..\output\data\extradelight\recipes\omelette_mix_veg_cheese.json,
..\..\..\..\output\data\extradelight\recipes\pork_tenderloin.json,
..\..\..\..\output\data\extradelight\recipes\pork_tenderloin_gravy.json,
..\..\..\..\output\data\extradelight\recipes\pork_tenderloin_sandwich.json,
..\..\..\..\output\data\extradelight\recipes\potato_soup.json,
..\..\..\..\output\data\extradelight\recipes\pumpkin_cheesecake_slice.json,
..\..\..\..\output\data\extradelight\recipes\pumpkin_custard.json,
..\..\..\..\output\data\extradelight\recipes\quiche_slice.json,
..\..\..\..\output\data\extradelight\recipes\rabbit_stew.json,
..\..\..\..\output\data\extradelight\recipes\riceball.json,
..\..\..\..\output\data\extradelight\recipes\riceball_filled.json,
..\..\..\..\output\data\extradelight\recipes\salisbury_steak_feast.json,
..\..\..\..\output\data\extradelight\recipes\shepards_pie.json,
..\..\..\..\output\data\extradelight\recipes\stuffed_cactus.json,
..\..\..\..\output\data\extradelight\recipes\stuffing.json,
..\..\..\..\output\data\extradelight\recipes\sweet_berry_pie_slice.json,
..\..\..\..\output\data\extradelight\recipes\tomato_soup.json,
..\..\..\..\output\data\farmersdelight\recipes\apple_pie.json,
..\..\..\..\output\data\farmersdelight\recipes\apple_pie_from_slices.json,
..\..\..\..\output\data\farmersdelight\recipes\bacon_and_eggs.json,
..\..\..\..\output\data\farmersdelight\recipes\beef_patty.json,
..\..\..\..\output\data\farmersdelight\recipes\beef_patty_from_campfire_cooking.json,
..\..\..\..\output\data\farmersdelight\recipes\beef_patty_from_smoking.json,
..\..\..\..\output\data\farmersdelight\recipes\bread_from_smelting.json,
..\..\..\..\output\data\farmersdelight\recipes\bread_from_smoking.json,
..\..\..\..\output\data\farmersdelight\recipes\cabbage_crate.json,
..\..\..\..\output\data\farmersdelight\recipes\cabbage_from_leaves.json,
..\..\..\..\output\data\farmersdelight\recipes\cake_from_slices.json,
..\..\..\..\output\data\farmersdelight\recipes\chocolate_pie.json,
..\..\..\..\output\data\farmersdelight\recipes\chocolate_pie_from_slices.json,
..\..\..\..\output\data\farmersdelight\recipes\cod_roll.json,
..\..\..\..\output\data\farmersdelight\recipes\cooked_bacon.json,
..\..\..\..\output\data\farmersdelight\recipes\cooked_bacon_from_campfire_cooking.json,
..\..\..\..\output\data\farmersdelight\recipes\cooked_bacon_from_smoking.json,
..\..\..\..\output\data\farmersdelight\recipes\cooked_chicken_cuts.json,
..\..\..\..\output\data\farmersdelight\recipes\cooked_chicken_cuts_from_campfire_cooking.json,
..\..\..\..\output\data\farmersdelight\recipes\cooked_chicken_cuts_from_smoking.json,
..\..\..\..\output\data\farmersdelight\recipes\cooked_cod_slice.json,
..\..\..\..\output\data\farmersdelight\recipes\cooked_cod_slice_from_campfire_cooking.json,
..\..\..\..\output\data\farmersdelight\recipes\cooked_cod_slice_from_smoking.json,
..\..\..\..\output\data\farmersdelight\recipes\cooked_mutton_chops.json,
..\..\..\..\output\data\farmersdelight\recipes\cooked_mutton_chops_from_campfire_cooking.json,
..\..\..\..\output\data\farmersdelight\recipes\cooked_mutton_chops_from_smoking.json,
..\..\..\..\output\data\farmersdelight\recipes\cooked_salmon_slice.json,
..\..\..\..\output\data\farmersdelight\recipes\cooked_salmon_slice_from_campfire_cooking.json,
..\..\..\..\output\data\farmersdelight\recipes\cooked_salmon_slice_from_smoking.json,
..\..\..\..\output\data\farmersdelight\recipes\fruit_salad.json,
..\..\..\..\output\data\farmersdelight\recipes\hamburger.json,
..\..\..\..\output\data\farmersdelight\recipes\honey_glazed_ham_block.json,
..\..\..\..\output\data\farmersdelight\recipes\kelp_roll.json,
..\..\..\..\output\data\farmersdelight\recipes\milk_bucket_from_bottles.json,
..\..\..\..\output\data\farmersdelight\recipes\onion_crate.json,
..\..\..\..\output\data\farmersdelight\recipes\pumpkin_from_slices.json,
..\..\..\..\output\data\farmersdelight\recipes\pumpkin_seeds_from_slice.json,
..\..\..\..\output\data\farmersdelight\recipes\rice_bag.json,
..\..\..\..\output\data\farmersdelight\recipes\rice_roll_medley_block.json,
..\..\..\..\output\data\farmersdelight\recipes\roasted_mutton_chops.json,
..\..\..\..\output\data\farmersdelight\recipes\salmon_roll.json,
..\..\..\..\output\data\farmersdelight\recipes\smoked_ham.json,
..\..\..\..\output\data\farmersdelight\recipes\steak_and_potatoes.json,
..\..\..\..\output\data\farmersdelight\recipes\sweet_berry_cheesecake.json,
..\..\..\..\output\data\farmersdelight\recipes\sweet_berry_cheesecake_from_slices.json,
..\..\..\..\output\data\farmersdelight\recipes\tomato_crate.json,
..\..\..\..\output\data\farmersdelight\recipes\tomato_seeds.json,
..\..\..\..\output\data\farmersrespite\recipes\black_cod.json,
..\..\..\..\output\data\farmersrespite\recipes\black_tea_leaves_sack.json,
..\..\..\..\output\data\farmersrespite\recipes\coffee_beans_sack.json,
..\..\..\..\output\data\farmersrespite\recipes\coffee_cake.json,
..\..\..\..\output\data\farmersrespite\recipes\coffee_cake_from_slices.json,
..\..\..\..\output\data\farmersrespite\recipes\green_tea_cookie.json,
..\..\..\..\output\data\farmersrespite\recipes\green_tea_leaves_sack.json,
..\..\..\..\output\data\farmersrespite\recipes\rose_hip_pie.json,
..\..\..\..\output\data\farmersrespite\recipes\rose_hip_pie_from_slices.json,
..\..\..\..\output\data\farmersrespite\recipes\yellow_tea_leaves_sack.json,
..\..\..\..\output\data\fastfooddelight\recipes\cheeseburger.json,
..\..\..\..\output\data\fastfooddelight\recipes\chocolate_ice_cream.json,
..\..\..\..\output\data\fastfooddelight\recipes\cod_sandwich.json,
..\..\..\..\output\data\fastfooddelight\recipes\fruit_ice_cream.json,
..\..\..\..\output\data\fastfooddelight\recipes\salmon_sandwich.json,
..\..\..\..\output\data\fastfooddelight\recipes\sweet_berry_ice_cream.json,
..\..\..\..\output\data\festive_delight\recipes\campfire_2.json,
..\..\..\..\output\data\festive_delight\recipes\campfire_4.json,
..\..\..\..\output\data\festive_delight\recipes\cinnamon_craft.json,
..\..\..\..\output\data\festive_delight\recipes\cinnamon_craft_fabric.json,
..\..\..\..\output\data\festive_delight\recipes\festive_chiken_block_craft.json,
..\..\..\..\output\data\festive_delight\recipes\gingerbread_block_creeper_craft.json,
..\..\..\..\output\data\festive_delight\recipes\gingerbread_block_deco_craft.json,
..\..\..\..\output\data\festive_delight\recipes\gingerbread_block_diamond_craft.json,
..\..\..\..\output\data\festive_delight\recipes\gingerbread_cookie_base_sword_campfire.json,
..\..\..\..\output\data\festive_delight\recipes\gingerbread_cookie_creeper_crafty.json,
..\..\..\..\output\data\festive_delight\recipes\gingerbread_cookie_flake_craft.json,
..\..\..\..\output\data\festive_delight\recipes\gingerbread_cookie_sword_craft.json,
..\..\..\..\output\data\festive_delight\recipes\gingerbread_cooki_base_flake_campfire.json,
..\..\..\..\output\data\festive_delight\recipes\gingerbread_cooki_base_flake_furnace.json,
..\..\..\..\output\data\festive_delight\recipes\gingerbread_cooki_base_sword_furnace.json,
..\..\..\..\output\data\festive_delight\recipes\gingerbread_man_craft.json,
..\..\..\..\output\data\festive_delight\recipes\gingerbread_man_sugar_craft.json,
..\..\..\..\output\data\festive_delight\recipes\ginger_bread_dough_craft.json,
..\..\..\..\output\data\festive_delight\recipes\ginnger_bread_man_creeper_sugar.json,
..\..\..\..\output\data\festive_delight\recipes\longevity_noodle_craft.json,
..\..\..\..\output\data\festive_delight\recipes\oui.json,
..\..\..\..\output\data\festive_delight\recipes\snow_block_craft.json,
..\..\..\..\output\data\festive_delight\recipes\spring_rolls_craft.json,
..\..\..\..\output\data\festive_delight\recipes\tea_craft.json,
..\..\..\..\output\data\fruitsdelight\recipes\apple_jello.json,
..\..\..\..\output\data\fruitsdelight\recipes\apple_jello_block.json,
..\..\..\..\output\data\fruitsdelight\recipes\apple_jelly_block.json,
..\..\..\..\output\data\fruitsdelight\recipes\baked_durian_from_durian_flesh_campfire.json,
..\..\..\..\output\data\fruitsdelight\recipes\baked_durian_from_durian_flesh_smoking.json,
..\..\..\..\output\data\fruitsdelight\recipes\bayberry_crate.json,
..\..\..\..\output\data\fruitsdelight\recipes\bayberry_jello_block.json,
..\..\..\..\output\data\fruitsdelight\recipes\bayberry_jelly_block.json,
..\..\..\..\output\data\fruitsdelight\recipes\blueberry_crate.json,
..\..\..\..\output\data\fruitsdelight\recipes\blueberry_jello_block.json,
..\..\..\..\output\data\fruitsdelight\recipes\blueberry_jelly_block.json,
..\..\..\..\output\data\fruitsdelight\recipes\chorus_jello_block.json,
..\..\..\..\output\data\fruitsdelight\recipes\chorus_jelly_block.json,
..\..\..\..\output\data\fruitsdelight\recipes\cranberry_crate.json,
..\..\..\..\output\data\fruitsdelight\recipes\cranberry_jello_block.json,
..\..\..\..\output\data\fruitsdelight\recipes\cranberry_jelly_block.json,
..\..\..\..\output\data\fruitsdelight\recipes\durian_cutting.json,
..\..\..\..\output\data\fruitsdelight\recipes\durian_jello_block.json,
..\..\..\..\output\data\fruitsdelight\recipes\durian_jelly_block.json,
..\..\..\..\output\data\fruitsdelight\recipes\fig_crate.json,
..\..\..\..\output\data\fruitsdelight\recipes\fig_jello_block.json,
..\..\..\..\output\data\fruitsdelight\recipes\fig_jelly_block.json,
..\..\..\..\output\data\fruitsdelight\recipes\fig_pudding.json,
..\..\..\..\output\data\fruitsdelight\recipes\fig_pudding_cutting.json,
..\..\..\..\output\data\fruitsdelight\recipes\fig_pudding_from_slice.json,
..\..\..\..\output\data\fruitsdelight\recipes\glowberry_jello_block.json,
..\..\..\..\output\data\fruitsdelight\recipes\glowberry_jelly_block.json,
..\..\..\..\output\data\fruitsdelight\recipes\hamimelon.json,
..\..\..\..\output\data\fruitsdelight\recipes\hamimelon_cutting.json,
..\..\..\..\output\data\fruitsdelight\recipes\hamimelon_jello_block.json,
..\..\..\..\output\data\fruitsdelight\recipes\hamimelon_jelly_block.json,
..\..\..\..\output\data\fruitsdelight\recipes\hamimelon_juice.json,
..\..\..\..\output\data\fruitsdelight\recipes\hamimelon_popsicle.json,
..\..\..\..\output\data\fruitsdelight\recipes\hamimelon_seeds.json,
..\..\..\..\output\data\fruitsdelight\recipes\hamimelon_shaved_ice.json,
..\..\..\..\output\data\fruitsdelight\recipes\hawberry_crate.json,
..\..\..\..\output\data\fruitsdelight\recipes\hawberry_jello_block.json,
..\..\..\..\output\data\fruitsdelight\recipes\hawberry_jelly_block.json,
..\..\..\..\output\data\fruitsdelight\recipes\hawberry_roll.json,
..\..\..\..\output\data\fruitsdelight\recipes\kiwi_crate.json,
..\..\..\..\output\data\fruitsdelight\recipes\kiwi_jello_block.json,
..\..\..\..\output\data\fruitsdelight\recipes\kiwi_jelly_block.json,
..\..\..\..\output\data\fruitsdelight\recipes\lemon_crate.json,
..\..\..\..\output\data\fruitsdelight\recipes\lemon_cutting.json,
..\..\..\..\output\data\fruitsdelight\recipes\lemon_jello_block.json,
..\..\..\..\output\data\fruitsdelight\recipes\lemon_jelly_block.json,
..\..\..\..\output\data\fruitsdelight\recipes\lemon_seeds.json,
..\..\..\..\output\data\fruitsdelight\recipes\lychee_crate.json,
..\..\..\..\output\data\fruitsdelight\recipes\lychee_jello_block.json,
..\..\..\..\output\data\fruitsdelight\recipes\lychee_jelly_block.json,
..\..\..\..\output\data\fruitsdelight\recipes\mangosteen_crate.json,
..\..\..\..\output\data\fruitsdelight\recipes\mangosteen_jello_block.json,
..\..\..\..\output\data\fruitsdelight\recipes\mangosteen_jelly_block.json,
..\..\..\..\output\data\fruitsdelight\recipes\mango_crate.json,
..\..\..\..\output\data\fruitsdelight\recipes\mango_jello_block.json,
..\..\..\..\output\data\fruitsdelight\recipes\mango_jelly_block.json,
..\..\..\..\output\data\fruitsdelight\recipes\melon_jello_block.json,
..\..\..\..\output\data\fruitsdelight\recipes\melon_jelly_block.json,
..\..\..\..\output\data\fruitsdelight\recipes\orange_crate.json,
..\..\..\..\output\data\fruitsdelight\recipes\orange_cutting.json,
..\..\..\..\output\data\fruitsdelight\recipes\orange_jello_block.json,
..\..\..\..\output\data\fruitsdelight\recipes\orange_jelly_block.json,
..\..\..\..\output\data\fruitsdelight\recipes\peach_crate.json,
..\..\..\..\output\data\fruitsdelight\recipes\peach_jello_block.json,
..\..\..\..\output\data\fruitsdelight\recipes\peach_jelly_block.json,
..\..\..\..\output\data\fruitsdelight\recipes\pear_crate.json,
..\..\..\..\output\data\fruitsdelight\recipes\pear_jello_block.json,
..\..\..\..\output\data\fruitsdelight\recipes\pear_jelly_block.json,
..\..\..\..\output\data\fruitsdelight\recipes\persimmon_cookie.json,
..\..\..\..\output\data\fruitsdelight\recipes\persimmon_crate.json,
..\..\..\..\output\data\fruitsdelight\recipes\persimmon_jello_block.json,
..\..\..\..\output\data\fruitsdelight\recipes\persimmon_jelly_block.json,
..\..\..\..\output\data\fruitsdelight\recipes\pineapple_crate.json,
..\..\..\..\output\data\fruitsdelight\recipes\pineapple_cutting.json,
..\..\..\..\output\data\fruitsdelight\recipes\pineapple_jello_block.json,
..\..\..\..\output\data\fruitsdelight\recipes\pineapple_jelly_block.json,
..\..\..\..\output\data\fruitsdelight\recipes\sweetberry_jello_block.json,
..\..\..\..\output\data\fruitsdelight\recipes\sweetberry_jelly_block.json,
..\..\..\..\output\data\hostiledelight\recipes\asouprecp.json,
..\..\..\..\output\data\hostiledelight\recipes\brownierecp.json,
..\..\..\..\output\data\hostiledelight\recipes\cghast_1.json,
..\..\..\..\output\data\hostiledelight\recipes\cghast_2.json,
..\..\..\..\output\data\hostiledelight\recipes\cguardianmeat_1.json,
..\..\..\..\output\data\hostiledelight\recipes\cguardianmeat_2.json,
..\..\..\..\output\data\hostiledelight\recipes\cmiterecp.json,
..\..\..\..\output\data\hostiledelight\recipes\cookrothamrecp.json,
..\..\..\..\output\data\hostiledelight\recipes\cookrothamrecp_2.json,
..\..\..\..\output\data\hostiledelight\recipes\cook_em_1.json,
..\..\..\..\output\data\hostiledelight\recipes\cook_em_2.json,
..\..\..\..\output\data\hostiledelight\recipes\cook_em_3.json,
..\..\..\..\output\data\hostiledelight\recipes\cook_gu_3.json,
..\..\..\..\output\data\hostiledelight\recipes\csaladrecp.json,
..\..\..\..\output\data\hostiledelight\recipes\cslimerecp.json,
..\..\..\..\output\data\hostiledelight\recipes\dtonicrecp.json,
..\..\..\..\output\data\hostiledelight\recipes\esubsrecp.json,
..\..\..\..\output\data\hostiledelight\recipes\gapplerecp.json,
..\..\..\..\output\data\hostiledelight\recipes\gbloodrecp.json,
..\..\..\..\output\data\hostiledelight\recipes\gbread.json,
..\..\..\..\output\data\hostiledelight\recipes\gbrewrecp.json,
..\..\..\..\output\data\hostiledelight\recipes\gburgerrecp.json,
..\..\..\..\output\data\hostiledelight\recipes\gccrecp.json,
..\..\..\..\output\data\hostiledelight\recipes\gchowderrecp.json,
..\..\..\..\output\data\hostiledelight\recipes\gcrecp.json,
..\..\..\..\output\data\hostiledelight\recipes\ggummyrecp.json,
..\..\..\..\output\data\hostiledelight\recipes\gicecreamrecp.json,
..\..\..\..\output\data\hostiledelight\recipes\gpastarecp.json,
..\..\..\..\output\data\hostiledelight\recipes\gpattyrecp.json,
..\..\..\..\output\data\hostiledelight\recipes\gpierecp.json,
..\..\..\..\output\data\hostiledelight\recipes\gpudrecp.json,
..\..\..\..\output\data\hostiledelight\recipes\grolllrecp.json,
..\..\..\..\output\data\hostiledelight\recipes\grollrecp.json,
..\..\..\..\output\data\hostiledelight\recipes\grossrecp.json,
..\..\..\..\output\data\hostiledelight\recipes\gsandrecp.json,
..\..\..\..\output\data\hostiledelight\recipes\gsashimirecp.json,
..\..\..\..\output\data\hostiledelight\recipes\gsouprecp.json,
..\..\..\..\output\data\hostiledelight\recipes\gtartarerecp.json,
..\..\..\..\output\data\hostiledelight\recipes\mbcookierecp.json,
..\..\..\..\output\data\hostiledelight\recipes\mbutterrecp.json,
..\..\..\..\output\data\hostiledelight\recipes\mccrecp.json,
..\..\..\..\output\data\hostiledelight\recipes\mmealrecp.json,
..\..\..\..\output\data\hostiledelight\recipes\rothamrecp.json,
..\..\..\..\output\data\hostiledelight\recipes\rpierecp.json,
..\..\..\..\output\data\hostiledelight\recipes\sbrownierecp.json,
..\..\..\..\output\data\hostiledelight\recipes\slimepoprecp.json,
..\..\..\..\output\data\hostiledelight\recipes\slimesrecp.json,
..\..\..\..\output\data\hostiledelight\recipes\ssyruprecp.json,
..\..\..\..\output\data\hostiledelight\recipes\susbanderecp.json,
..\..\..\..\output\data\hostiledelight\recipes\teggsandrecp.json,
..\..\..\..\output\data\italian_delight\recipes\berried_delightcraft.json,
..\..\..\..\output\data\italian_delight\recipes\dantes_special_pizza_slicing.json,
..\..\..\..\output\data\italian_delight\recipes\dante_pizza_cook.json,
..\..\..\..\output\data\italian_delight\recipes\dante_pizza_crafting.json,
..\..\..\..\output\data\italian_delight\recipes\dragon_borne_wine_crafting.json,
..\..\..\..\output\data\italian_delight\recipes\glow_berry_craft.json,
..\..\..\..\output\data\italian_delight\recipes\ham_pizza_craft.json,
..\..\..\..\output\data\italian_delight\recipes\ham_pizza_crafting.json,
..\..\..\..\output\data\italian_delight\recipes\hasting_wine_crafting.json,
..\..\..\..\output\data\italian_delight\recipes\margherita_recipe.json,
..\..\..\..\output\data\italian_delight\recipes\mozzarella_panini_craft.json,
..\..\..\..\output\data\italian_delight\recipes\mozzarella_salad_craft.json,
..\..\..\..\output\data\italian_delight\recipes\mozzarella_slices_making.json,
..\..\..\..\output\data\italian_delight\recipes\mushroom_pizza_craft.json,
..\..\..\..\output\data\italian_delight\recipes\mushroom_risotto_recipe.json,
..\..\..\..\output\data\italian_delight\recipes\pandoro_cooking.json,
..\..\..\..\output\data\italian_delight\recipes\pandoro_craft.json,
..\..\..\..\output\data\italian_delight\recipes\pandoro_cut.json,
..\..\..\..\output\data\italian_delight\recipes\panettone_cook.json,
..\..\..\..\output\data\italian_delight\recipes\panettone_slicecraft.json,
..\..\..\..\output\data\italian_delight\recipes\pasta_al_pesto_craft.json,
..\..\..\..\output\data\italian_delight\recipes\pizza_diavola_cutting.json,
..\..\..\..\output\data\italian_delight\recipes\pizza_diavola_recipe.json,
..\..\..\..\output\data\italian_delight\recipes\pizza_margherita_cutting_board.json,
..\..\..\..\output\data\italian_delight\recipes\raw_diavola_cook.json,
..\..\..\..\output\data\italian_delight\recipes\raw_ham_pizza_cook.json,
..\..\..\..\output\data\italian_delight\recipes\raw_margherita_cook.json,
..\..\..\..\output\data\italian_delight\recipes\raw_mushroom_pizza_craft.json,
..\..\..\..\output\data\italian_delight\recipes\raw_mushroom_pizza_crafting.json,
..\..\..\..\output\data\italian_delight\recipes\risotto_al_sugo_crafting.json,
..\..\..\..\output\data\italian_delight\recipes\rose_wine_craft.json,
..\..\..\..\output\data\italian_delight\recipes\salami_pieces_recipe.json,
..\..\..\..\output\data\italian_delight\recipes\salami_recipe.json,
..\..\..\..\output\data\italian_delight\recipes\salami_recipee.json,
..\..\..\..\output\data\italian_delight\recipes\spumante_crafting.json,
..\..\..\..\output\data\italian_delight\recipes\sweetberrycraft.json,
..\..\..\..\output\data\italian_delight\recipes\tiramisu_craft.json,
..\..\..\..\output\data\italian_delight\recipes\tomato_pasta_craft.json,
..\..\..\..\output\data\maturidelight\recipes\dough_raw.json,
..\..\..\..\output\data\minecraft\recipes\red_dye.json,
..\..\..\..\output\data\miners_delight\recipes\weird_caviar.json,
..\..\..\..\output\data\nethersdelight\recipes\hoglin_sirloin.json,
..\..\..\..\output\data\nethersdelight\recipes\hoglin_sirloin_from_campfire_cooking.json,
..\..\..\..\output\data\nethersdelight\recipes\hoglin_sirloin_from_smoking.json,
..\..\..\..\output\data\nethersdelight\recipes\nether_skewer.json,
..\..\..\..\output\data\nethersdelight\recipes\propelplant_torch.json,
..\..\..\..\output\data\nethersdelight\recipes\raw_stuffed_hoglin.json,
..\..\..\..\output\data\nethersdelight\recipes\warped_moldy_meat.json,
..\..\..\..\output\data\oceanic_delight\recipes\caviar_toast.json,
..\..\..\..\output\data\oceanic_delight\recipes\egg_roll.json,
..\..\..\..\output\data\oceanic_delight\recipes\fish_egg_noodle_soup.json,
..\..\..\..\output\data\oceanic_delight\recipes\fish_egg_roll.json,
..\..\..\..\output\data\oceanic_delight\recipes\fish_egg_roll_slice.json,
..\..\..\..\output\data\oceanic_delight\recipes\fried_shrimp.json,
..\..\..\..\output\data\oceanic_delight\recipes\globular_rice.json,
..\..\..\..\output\data\oceanic_delight\recipes\glow_squid_stew.json,
..\..\..\..\output\data\oceanic_delight\recipes\jeed_comfort.json,
..\..\..\..\output\data\oceanic_delight\recipes\jeed_instant_breath.json,
..\..\..\..\output\data\oceanic_delight\recipes\jeed_nourishment.json,
..\..\..\..\output\data\oceanic_delight\recipes\pasta_with_eye_balls.json,
..\..\..\..\output\data\oceanic_delight\recipes\seafood_skewer.json,
..\..\..\..\output\data\oceanic_delight\recipes\sea_grape_crate.json,
..\..\..\..\output\data\oceanic_delight\recipes\sea_grape_juice.json,
..\..\..\..\output\data\oceanic_delight\recipes\sea_pickle_roll.json,
..\..\..\..\output\data\oceanic_delight\recipes\sea_pickle_roll_slice.json,
..\..\..\..\output\data\oceanic_delight\recipes\sea_pickle_slices.json,
..\..\..\..\output\data\oceanic_delight\recipes\shrimp_cutting.json,
..\..\..\..\output\data\oceanic_delight\recipes\shrimp_roll.json,
..\..\..\..\output\data\oceanic_delight\recipes\shrimp_stew.json,
..\..\..\..\output\data\oceanic_delight\recipes\sponge_cake.json,
..\..\..\..\output\data\oceanic_delight\recipes\sponge_cake_cutting.json,
..\..\..\..\output\data\oceanic_delight\recipes\sponge_cake_from_slices.json,
..\..\..\..\output\data\oceanic_delight\recipes\squid_and_pickles.json,
..\..\..\..\output\data\oceanic_delight\recipes\squid_salad.json,
..\..\..\..\output\data\oceansdelight\recipes\baked_tentacle_on_a_stick.json,
..\..\..\..\output\data\oceansdelight\recipes\baked_tentacle_on_a_stick_from_campfire_cooking.json,
..\..\..\..\output\data\oceansdelight\recipes\baked_tentacle_on_a_stick_from_smoking.json,
..\..\..\..\output\data\oceansdelight\recipes\cabbage_wrapped_elder_guardian.json,
..\..\..\..\output\data\oceansdelight\recipes\cooked_elder_guardian_slice.json,
..\..\..\..\output\data\oceansdelight\recipes\cooked_elder_guardian_slice_from_campfire_cooking.json,
..\..\..\..\output\data\oceansdelight\recipes\cooked_elder_guardian_slice_from_smoking.json,
..\..\..\..\output\data\oceansdelight\recipes\cooked_guardian_tail.json,
..\..\..\..\output\data\oceansdelight\recipes\cooked_guardian_tail_from_campfire_cooking.json,
..\..\..\..\output\data\oceansdelight\recipes\cooked_guardian_tail_from_smoking.json,
..\..\..\..\output\data\oceansdelight\recipes\tentacle_on_a_stick.json,
..\..\..\..\output\data\rusticdelight\recipes\baked_potato_slices.json,
..\..\..\..\output\data\rusticdelight\recipes\baked_potato_slices_from_campfire_cooking.json,
..\..\..\..\output\data\rusticdelight\recipes\baked_potato_slices_from_smoking.json,
..\..\..\..\output\data\rusticdelight\recipes\bell_pepper_green_crate_from_bell_pepper_green.json,
..\..\..\..\output\data\rusticdelight\recipes\bell_pepper_red_crate_from_bell_pepper_red.json,
..\..\..\..\output\data\rusticdelight\recipes\bell_pepper_seeds_bag_from_bell_pepper_seeds.json,
..\..\..\..\output\data\rusticdelight\recipes\bell_pepper_yellow_crate_from_bell_pepper_yellow.json,
..\..\..\..\output\data\rusticdelight\recipes\calamari_roll.json,
..\..\..\..\output\data\rusticdelight\recipes\cherry_blossom_cheesecake.json,
..\..\..\..\output\data\rusticdelight\recipes\cherry_blossom_pancakes.json,
..\..\..\..\output\data\rusticdelight\recipes\cherry_blossom_roll.json,
..\..\..\..\output\data\rusticdelight\recipes\chocolate_pancakes.json,
..\..\..\..\output\data\rusticdelight\recipes\cooked_calamari.json,
..\..\..\..\output\data\rusticdelight\recipes\cooked_calamari_from_campfire_cooking.json,
..\..\..\..\output\data\rusticdelight\recipes\cooked_calamari_from_smoking.json,
..\..\..\..\output\data\rusticdelight\recipes\cooked_calamari_slice.json,
..\..\..\..\output\data\rusticdelight\recipes\cooked_calamari_slice_from_campfire_cooking.json,
..\..\..\..\output\data\rusticdelight\recipes\cooked_calamari_slice_from_smoking.json,
..\..\..\..\output\data\rusticdelight\recipes\cotton_seeds_bag_from_cotton_seeds.json,
..\..\..\..\output\data\rusticdelight\recipes\green_dye_from_bell_pepper_green.json,
..\..\..\..\output\data\rusticdelight\recipes\honey_pancakes.json,
..\..\..\..\output\data\rusticdelight\recipes\red_dye_from_bell_pepper_red.json,
..\..\..\..\output\data\rusticdelight\recipes\roasted_bell_pepper_green.json,
..\..\..\..\output\data\rusticdelight\recipes\roasted_bell_pepper_green_from_campfire_cooking.json,
..\..\..\..\output\data\rusticdelight\recipes\roasted_bell_pepper_green_from_smoking.json,
..\..\..\..\output\data\rusticdelight\recipes\roasted_bell_pepper_red.json,
..\..\..\..\output\data\rusticdelight\recipes\roasted_bell_pepper_red_from_campfire_cooking.json,
..\..\..\..\output\data\rusticdelight\recipes\roasted_bell_pepper_red_from_smoking.json,
..\..\..\..\output\data\rusticdelight\recipes\roasted_bell_pepper_yellow.json,
..\..\..\..\output\data\rusticdelight\recipes\roasted_bell_pepper_yellow_from_campfire_cooking.json,
..\..\..\..\output\data\rusticdelight\recipes\roasted_bell_pepper_yellow_from_smoking.json,
..\..\..\..\output\data\rusticdelight\recipes\vegetable_pancakes.json,
..\..\..\..\output\data\rusticdelight\recipes\yellow_dye_from_bell_pepper_yellow.json,
..\..\..\..\output\data\seeddelight\recipes\m_acorn_bag.json,
..\..\..\..\output\data\seeddelight\recipes\m_acorn_bread.json,
..\..\..\..\output\data\seeddelight\recipes\m_acorn_kernel.json,
..\..\..\..\output\data\seeddelight\recipes\m_cherry_crate.json,
..\..\..\..\output\data\seeddelight\recipes\m_cherry_ice_cream.json,
..\..\..\..\output\data\seeddelight\recipes\m_cherry_jam_sandwich.json,
..\..\..\..\output\data\seeddelight\recipes\m_fried_sunflower_seed.json,
..\..\..\..\output\data\seeddelight\recipes\m_fried_sunflower_seed_2.json,
..\..\..\..\output\data\seeddelight\recipes\m_fried_sunflower_seed_3.json,
..\..\..\..\output\data\seeddelight\recipes\m_milk_cherry_mouss.json,
..\..\..\..\output\data\seeddelight\recipes\m_pinecone_bag.json,
..\..\..\..\output\data\seeddelight\recipes\m_pinenut_cake.json,
..\..\..\..\output\data\seeddelight\recipes\m_pine_nut_kernel.json,
..\..\..\..\output\data\seeddelight\recipes\m_posehip_pie.json,
..\..\..\..\output\data\seeddelight\recipes\m_rosehip_cake.json,
..\..\..\..\output\data\seeddelight\recipes\m_rosehip_crate.json,
..\..\..\..\output\data\seeddelight\recipes\m_rosehip_jam_sandwich.json,
..\..\..\..\output\data\seeddelight\recipes\m_rose_cookie.json,
..\..\..\..\output\data\seeddelight\recipes\m_sunflower_seed_toast.json,
..\..\..\..\output\data\tofucraft\recipes\agedashi_tofu.json,
..\..\..\..\output\data\tofucraft\recipes\apricotjerry_bread.json,
..\..\..\..\output\data\tofucraft\recipes\apricotseed.json,
..\..\..\..\output\data\tofucraft\recipes\barrel_miso.json,
..\..\..\..\output\data\tofucraft\recipes\barrel_misotofu.json,
..\..\..\..\output\data\tofucraft\recipes\blocktofudried.json,
..\..\..\..\output\data\tofucraft\recipes\blocktofuegg.json,
..\..\..\..\output\data\tofucraft\recipes\blocktofugrilled.json,
..\..\..\..\output\data\tofucraft\recipes\blocktofuhell.json,
..\..\..\..\output\data\tofucraft\recipes\blocktofumiso.json,
..\..\..\..\output\data\tofucraft\recipes\blocktofumomen.json,
..\..\..\..\output\data\tofucraft\recipes\blocktofuzunda.json,
..\..\..\..\output\data\tofucraft\recipes\bucket_soymilk_nether.json,
..\..\..\..\output\data\tofucraft\recipes\bucket_soymilk_soul.json,
..\..\..\..\output\data\tofucraft\recipes\campfire_cooking_cooked_tofufish.json,
..\..\..\..\output\data\tofucraft\recipes\campfire_cooking_edamame_boild.json,
..\..\..\..\output\data\tofucraft\recipes\campfire_cooking_grilled_from_kinu.json,
..\..\..\..\output\data\tofucraft\recipes\campfire_cooking_grilled_from_momen.json,
..\..\..\..\output\data\tofucraft\recipes\campfire_cooking_soybeans_parched.json,
..\..\..\..\output\data\tofucraft\recipes\campfire_cooking_tofuhamburg.json,
..\..\..\..\output\data\tofucraft\recipes\chikuwa.json,
..\..\..\..\output\data\tofucraft\recipes\crimson_soup.json,
..\..\..\..\output\data\tofucraft\recipes\doubanjiang.json,
..\..\..\..\output\data\tofucraft\recipes\edamame_rice.json,
..\..\..\..\output\data\tofucraft\recipes\fukumame.json,
..\..\..\..\output\data\tofucraft\recipes\fukumeni.json,
..\..\..\..\output\data\tofucraft\recipes\goheimochi.json,
..\..\..\..\output\data\tofucraft\recipes\hell_mabou.json,
..\..\..\..\output\data\tofucraft\recipes\hell_red_soup.json,
..\..\..\..\output\data\tofucraft\recipes\hiyayakko.json,
..\..\..\..\output\data\tofucraft\recipes\inari.json,
..\..\..\..\output\data\tofucraft\recipes\kinako.json,
..\..\..\..\output\data\tofucraft\recipes\kinakomanju.json,
..\..\..\..\output\data\tofucraft\recipes\kinako_mochi.json,
..\..\..\..\output\data\tofucraft\recipes\koyadofustew.json,
..\..\..\..\output\data\tofucraft\recipes\kyoninso.json,
..\..\..\..\output\data\tofucraft\recipes\mabodofu.json,
..\..\..\..\output\data\tofucraft\recipes\meatwrapped_yuba.json,
..\..\..\..\output\data\tofucraft\recipes\misodengaku.json,
..\..\..\..\output\data\tofucraft\recipes\misosoup.json,
..\..\..\..\output\data\tofucraft\recipes\morijio.json,
..\..\..\..\output\data\tofucraft\recipes\moyashiitame.json,
..\..\..\..\output\data\tofucraft\recipes\moyashiohitashi.json,
..\..\..\..\output\data\tofucraft\recipes\nanban.json,
..\..\..\..\output\data\tofucraft\recipes\nanbantofu.json,
..\..\..\..\output\data\tofucraft\recipes\nattobed.json,
..\..\..\..\output\data\tofucraft\recipes\nattohiyayakko.json,
..\..\..\..\output\data\tofucraft\recipes\nethermanju.json,
..\..\..\..\output\data\tofucraft\recipes\nether_fukumame.json,
..\..\..\..\output\data\tofucraft\recipes\nikujaga.json,
..\..\..\..\output\data\tofucraft\recipes\oage.json,
..\..\..\..\output\data\tofucraft\recipes\okarastick.json,
..\..\..\..\output\data\tofucraft\recipes\onigiri_salt.json,
..\..\..\..\output\data\tofucraft\recipes\pudding.json,
..\..\..\..\output\data\tofucraft\recipes\pudding_soymilk.json,
..\..\..\..\output\data\tofucraft\recipes\red_soup.json,
..\..\..\..\output\data\tofucraft\recipes\riceburger.json,
..\..\..\..\output\data\tofucraft\recipes\ricenatto.json,
..\..\..\..\output\data\tofucraft\recipes\ricenattoleek.json,
..\..\..\..\output\data\tofucraft\recipes\ricesoborotofu.json,
..\..\..\..\output\data\tofucraft\recipes\ricetofu.json,
..\..\..\..\output\data\tofucraft\recipes\rice_block.json,
..\..\..\..\output\data\tofucraft\recipes\seeds_chili.json,
..\..\..\..\output\data\tofucraft\recipes\smelting_cooked_tofufish.json,
..\..\..\..\output\data\tofucraft\recipes\smelting_edamame_boild.json,
..\..\..\..\output\data\tofucraft\recipes\smelting_grilled_from_kinu.json,
..\..\..\..\output\data\tofucraft\recipes\smelting_grilled_from_momen.json,
..\..\..\..\output\data\tofucraft\recipes\smelting_soybeans_parched.json,
..\..\..\..\output\data\tofucraft\recipes\smelting_tofuhamburg.json,
..\..\..\..\output\data\tofucraft\recipes\smoketofu.json,
..\..\..\..\output\data\tofucraft\recipes\smoking_cooked_tofufish.json,
..\..\..\..\output\data\tofucraft\recipes\smoking_edamame_boild.json,
..\..\..\..\output\data\tofucraft\recipes\smoking_grilled_from_kinu.json,
..\..\..\..\output\data\tofucraft\recipes\smoking_grilled_from_momen.json,
..\..\..\..\output\data\tofucraft\recipes\smoking_soybeans_parched.json,
..\..\..\..\output\data\tofucraft\recipes\smoking_tofuhamburg.json,
..\..\..\..\output\data\tofucraft\recipes\soborotofusaute.json,
..\..\..\..\output\data\tofucraft\recipes\soulmanju.json,
..\..\..\..\output\data\tofucraft\recipes\soul_fukumame.json,
..\..\..\..\output\data\tofucraft\recipes\soymilk.json,
..\..\..\..\output\data\tofucraft\recipes\soymilk_annin.json,
..\..\..\..\output\data\tofucraft\recipes\soymilk_hell_bottle.json,
..\..\..\..\output\data\tofucraft\recipes\soymilk_kinako.json,
..\..\..\..\output\data\tofucraft\recipes\soymilk_soul_bottle.json,
..\..\..\..\output\data\tofucraft\recipes\soy_chocolate.json,
..\..\..\..\output\data\tofucraft\recipes\starch_raw.json,
..\..\..\..\output\data\tofucraft\recipes\sukiyaki.json,
..\..\..\..\output\data\tofucraft\recipes\tofuannin.json,
..\..\..\..\output\data\tofucraft\recipes\tofubed.json,
..\..\..\..\output\data\tofucraft\recipes\tofucake.json,
..\..\..\..\output\data\tofucraft\recipes\tofucookie_kinu.json,
..\..\..\..\output\data\tofucraft\recipes\tofucookie_momen.json,
..\..\..\..\output\data\tofucraft\recipes\tofuegg.json,
..\..\..\..\output\data\tofucraft\recipes\tofufried.json,
..\..\..\..\output\data\tofucraft\recipes\tofufried_pouch.json,
..\..\..\..\output\data\tofucraft\recipes\tofuladder_grilled.json,
..\..\..\..\output\data\tofucraft\recipes\tofuladder_kinu.json,
..\..\..\..\output\data\tofucraft\recipes\tofuladder_momen.json,
..\..\..\..\output\data\tofucraft\recipes\tofuladder_zunda.json,
..\..\..\..\output\data\tofucraft\recipes\tofuminced.json,
..\..\..\..\output\data\tofucraft\recipes\tofumomen_from_kinu.json,
..\..\..\..\output\data\tofucraft\recipes\tofunian_soy_chocolate.json,
..\..\..\..\output\data\tofucraft\recipes\tofusomen.json,
..\..\..\..\output\data\tofucraft\recipes\tofusomenbowl_glass.json,
..\..\..\..\output\data\tofucraft\recipes\tofutorch_grilled.json,
..\..\..\..\output\data\tofucraft\recipes\tofutorch_kinu.json,
..\..\..\..\output\data\tofucraft\recipes\tofutorch_momen.json,
..\..\..\..\output\data\tofucraft\recipes\tofutorch_zunda.json,
..\..\..\..\output\data\tofucraft\recipes\tofutrapdoor_grilled.json,
..\..\..\..\output\data\tofucraft\recipes\tofutrapdoor_hell.json,
..\..\..\..\output\data\tofucraft\recipes\tofutrapdoor_kinu.json,
..\..\..\..\output\data\tofucraft\recipes\tofutrapdoor_momen.json,
..\..\..\..\output\data\tofucraft\recipes\tofutrapdoor_zunda.json,
..\..\..\..\output\data\tofucraft\recipes\tofuzunda.json,
..\..\..\..\output\data\tofucraft\recipes\tofu_buns_burger.json,
..\..\..\..\output\data\tofucraft\recipes\tofu_chikuwa.json,
..\..\..\..\output\data\tofucraft\recipes\tofu_chikuwa_fish.json,
..\..\..\..\output\data\tofucraft\recipes\tttburger.json,
..\..\..\..\output\data\tofucraft\recipes\yakionigiri_miso.json,
..\..\..\..\output\data\tofucraft\recipes\yakionigiri_shoyu.json,
..\..\..\..\output\data\tofucraft\recipes\yudofu.json,
..\..\..\..\output\data\tofucraft\recipes\zunda.json,
..\..\..\..\output\data\tofucraft\recipes\zundama.json,
..\..\..\..\output\data\tofucraft\recipes\zundamanju.json,
..\..\..\..\output\data\tofucraft\recipes\zundamushroom_on_a_stick.json,
..\..\..\..\output\data\tofucraft\recipes\zundatofucake.json,
..\..\..\..\output\data\tofucraft\recipes\zunda_mochi.json,
..\..\..\..\output\data\undergarden\recipes\gloomgourd_pie.json,
..\..\..\..\output\data\usadelight\recipes\cooked_sausages.json,
..\..\..\..\output\data\usadelight\recipes\cooked_sausages_from_campfire_cooking.json,
..\..\..\..\output\data\usadelight\recipes\cooked_sausages_from_smoking.json,
..\..\..\..\output\data\usadelight\recipes\hotdog.json,
..\..\..\..\output\data\vegetablesdelight\recipes\cucumber_seeds.json,
..\..\..\..\output\data\vegetablesdelight\recipes\pickled_cucumber.json,
..\..\..\..\output\data\wildberries\recipes\blackberry_pie.json,
..\..\..\..\output\data\wildberries\recipes\blueberry_pie.json,
..\..\..\..\output\data\wildberries\recipes\cranberry_pie.json,
..\..\..\..\output\data\wildberries\recipes\glow_berry_pie_craft.json,
..\..\..\..\output\data\wildberries\recipes\raspberry_pie.json,
..\..\..\..\output\data\wildberries\recipes\sweet_berry_pie.json,
